<addon id="plugin.video.tmdbbrowser" name="Sarmis" version="1.2.0" provider-name="derzis">
    <requires>
        <import addon="xbmc.python" version="3.0.0" />
        <import addon="script.module.requests" />
        <import addon="script.module.pycryptodome" />
        <import addon="script.module.beautifulsoup4"/>
        <import addon="script.module.resolveurl"/>
        <import addon="inputstream.adaptive"/>
    </requires>
    <extension point="xbmc.python.pluginsource" library="default.py">
        <provides>video</provides>
    </extension>
    <extension point="xbmc.addon.metadata">
        <summary>Ia cu pâine</summary>
        <description>Ia cu pită</description>
        <platform>all</platform>
        <assets>
            <icon>icon.png</icon>
            <fanart>fanart.webp</fanart>
        </assets>
    </extension>
</addon>
